职位ID,职位编码,职位名称,职位类别,二级类别,工作城市,部门,工作年限,优先年限,发布时间,链接,职位描述,任职要求,职位标签,招聘项目,学历要求,年限来源
7655546603629922610,,大模型数据分析师- B端业务,产品 / 策划 / 项目,产品 / 策划 / 项目,北京、上海,,未提及,,2026-06-26,https://vrfi1sk8a0.jobs.feishu.cn/index/position/7655546603629922610/detail,"1、负责公司开放平台海内外业务的数据分析工作，主动挖掘业务问题和增长点，量化商业化策略效果；
2、根据开发者/企业用户数据，搭建增长与商业化指标体系，建设并迭代数据可视化体系；
3、与产品、运营、销售等团队等紧密配合，推进结论落地带来业务全局提升；
4、设计 A/B 实验、因果推断、风控反作弊等分析方案，对业务优化和决策结论做验证或推演，提供高效的分析方法。","1、有 Cloud 厂商、MaaS平台、AI 开发者生态背景者优先，数学、经济学、统计学、计算机相关专业优先；
2、擅长量化分析，具备良好的量化思维和结构化思维，有 To B 业务敏感度，具备商业化分析与风控反作弊的相关经验；
3、熟练使用 Hive/Doris，精通 SQL/Python/Excel 等工具，具备扎实的取数与数据可视化能力；
4、有责任心和好奇心，有良好的业务配合能力、团队协作能力和学习能力，具备用户同理心以及业务敏感度；
5、加分项：在日常工作中有使用 AI Agent 辅助分析、取数或通过 Vibe Coding 协同提效的项目实战经验。",,,,
7654858727463913771,,电商运营经理（天猫/京东/抖音）,产品 / 策划 / 项目,产品 / 策划 / 项目,上海,,2年以上,,2026-06-24,https://vrfi1sk8a0.jobs.feishu.cn/index/position/7654858727463913771/detail,"1. 负责公司AI产品（会员订阅、Token套餐等数字商品）在天猫、京东、抖音等平台的运营工作； 
2. 负责商品上架、活动策划、页面优化及价格策略制定； 
3. 通过搜索优化、内容运营、平台活动等方式提升店铺流量和转化率； 
4. 分析销售及用户数据，持续优化商品表现和经营效率； 
5. 协同市场、产品、设计等团队推动销售增长。","1. 本科及以上学历，2年以上电商运营经验； 
2. 熟悉天猫、京东、抖音等平台运营规则及流量机制； 
3. 具备数据分析能力，能够独立制定并执行运营方案； 
4. 有较强的活动策划及跨部门协作能力； 
5. 有虚拟商品、数字商品、软件会员或AI产品运营经验优先。 

加分项
1. 有从0到1搭建店铺经验； 
2. 熟悉会员订阅、充值包等商业模式； 
3. 有AI、SaaS或互联网产品运营经验。 

 核心目标
1. 提升GMV、付费用户数及转化率； 
2. 优化ROI、复购率及用户生命周期价值（LTV）。",,,,任职要求
7654139922979440923,,大模型数据专家-视频&声音,产品 / 策划 / 项目,产品 / 策划 / 项目,北京、上海,,未提及,,2026-06-22,https://vrfi1sk8a0.jobs.feishu.cn/index/position/7654139922979440923/detail,"为我们的生成模型，构建和管理高质量、多样化的数据集。你的工作将直接决定模型所见所闻的质量，进而影响模型生成效果的上限。
主要职责
1、数据标准制定： 参与定义和刻画用于模型训练的高质量数据标准，包括但不限于视频&音乐的审美品质、内容多样性、技术参数。
2、数据搜寻与获取： 基于既定标准，主动在全球范围内的视频&音乐平台、开源数据集及特定渠道中，寻找和发掘符合要求的数据。
3、数据标注与评估： 可能需要对视频数据进行标签化、排序或质量评估，以构建更精准的训练指令。
4、跨团队协作： 与算法研究员保持紧密沟通，理解他们的数据需求，反馈数据质量情况，并协同解决数据层面的问题。","我们希望你至少在以下一至两个方面有扎实的基础或突出的潜力
1、对数据的理解与审美：对视频&声音的内容有良好的感知和判断力，能清晰阐述“好”在哪里。
2、是深度的视频&声音模型用户，对国内外视频&声音模型产品有了解。拥有个人视频&音乐创作经验（如Vlog、短片剪辑），并能提供作品集优先。
3、数据获取与技术能力：具备基本的计算机基础，计算机科学、数字媒体、设计等相关专业优先。
4、能够与技术和算法团队高效协作，有较强的责任心，对数据质量负责。",,,,
7579523111286147366,,AIGC产品经理-海螺AI方向,产品 / 策划 / 项目,产品 / 策划 / 项目,北京、上海,,未提及,,2025-12-03,https://vrfi1sk8a0.jobs.feishu.cn/index/position/7579523111286147366/detail,"1、负责C端AI内容产品的规划和设计工作，结合业务场景及行业诉求孵化创新产品；
2、探索用户需求、市场空间，抽象制定出完善的产品策略与方案；
3、与研发和算法团队紧密配合，进行高质量迭代，并能基于业务充分发挥AI能力。","1、对视频、图片AI算法了解，有内容产品经验优先；
2、对AIGC有热情，了解国内外行业动态 ；
3、高效项目推进能力，出色的沟通能力，有较强自驱力和团队合作精神 ；
4、思维活跃，有好奇心和责任心。",,,,
7520549080461887785,,AIGC产品经理,产品 / 策划 / 项目,产品 / 策划 / 项目,上海,,1-3年,,2025-06-27,https://vrfi1sk8a0.jobs.feishu.cn/index/position/7520549080461887785/detail,"1、参与Agent产品各环节规划，制定产品战略与路线图，与研发、设计、算法、市场等团队紧密协作，确保产品高效、高质量地迭代；
2、搭建科学的Agent评估体系，定义关键效果指标，持续优化产品效果与功能，对产品的最终效果和市场表现负责；
3、探索前瞻性功能和创新应用场景，挖掘机会点，持续拓展Agent产品的能力边界和商业价值。","1、 C端移动互联网1-3年经验，有AIGC、商业化、海外市场经验者更佳； 
2、对AIGC领域（尤其是Agent）感兴趣，自己有过相关研究或实践项目，有自己的想法和认知； 
3、 具备全局视野和良好的产品sense，富有同理心和责任心； 
4、 自驱力和学习能力强，有良好的抗压能力，能够合理协调各团队资源共同完成目标。",,,,任职要求
7441792989683779878,,大模型数据算法-视频方向,产品 / 策划 / 项目,产品 / 策划 / 项目,北京、上海,,未提及,,2024-11-27,https://vrfi1sk8a0.jobs.feishu.cn/index/position/7441792989683779878/detail,"为我们的视频生成模型，构建和管理高质量、多样化的视频数据集。你的工作将直接决定模型所见所闻的质量，进而影响模型生成效果的上限。
主要职责
1、数据标准制定： 参与定义和刻画用于视频模型训练的高质量数据标准，包括但不限于视频的审美品质、内容多样性、技术参数。
2、数据搜寻与获取： 基于既定标准，主动在全球范围内的视频平台、开源数据集及特定渠道中，寻找和发掘符合要求的视频数据。
3、数据标注与评估： 可能需要对视频数据进行标签化、排序或质量评估，以构建更精准的训练指令。
4、跨团队协作： 与算法研究员保持紧密沟通，理解他们的数据需求，反馈数据质量情况，并协同解决数据层面的问题。","我们希望你至少在以下一至两个方面有扎实的基础或突出的潜力
1、对视频数据的理解与审美：对视频内容有良好的感知和判断力，能清晰阐述一个视频“好”在哪里。
2、是深度的视频模型用户，对国内外视频模型产品有了解。拥有个人视频创作经验（如Vlog、短片剪辑），并能提供作品集优先。
3、数据获取与技术能力：具备基本的计算机基础，计算机科学、数字媒体、设计等相关专业优先。
4、能够与技术和算法团队高效协作，有较强的责任心，对数据质量负责。",,,,
7362070184364591387,,AIGC产品经理-talkie星野方向,产品 / 策划 / 项目,产品 / 策划 / 项目,上海,,未提及,,2024-04-26,https://vrfi1sk8a0.jobs.feishu.cn/index/position/7362070184364591387/detail,"我们正在寻找对大模型技术充满热情与好奇心的未来领袖。作为团队的核心成员，你将：
1、驱动核心产品规划：参与主导我们下一代大模型产品，将前沿技术转化为具有巨大用户价值的产品；
2、深度参与技术协同： 与顶尖研发团队紧密合作，深刻理解模型，并在此基础上定义产品需求；
3、洞察全球市场与用户：为产品注入国际化视野，助力我们的产品在全球舞台保持领先。","1、卓越的技术理解力，具备良好的数据结构和算法基础，熟练掌握Python/SQL等工具者优先；
2、出色的产品思维，对AI产品的交互设计、能力边界等问题有自己独到的思考；
3、极强的自驱力与好奇心，主动探索未知领域，乐于学习并能快速掌握新知识。",,,,
7197008071825197349,,大模型产品经理-开放平台方向,产品 / 策划 / 项目,产品 / 策划 / 项目,上海、北京,,3年以上,,2023-02-06,https://vrfi1sk8a0.jobs.feishu.cn/index/position/7197008071825197349/detail,"1、参与 AI 开放平台的产品设计，为客户提供极致的AI 产品体验和服务；
2、与解决方案团队紧密合作，清晰理解客户需求，迭代产品功能；
3、与研发团队密切合作，理解 AI 相关技术和边界，推进研发迭代；
4、持续发现市场上的新场景，并形成新的产品或解决方案。","1、计算机、人工智能或相关领域的学士或硕士学位，有海外2B业务经验优先；
2、优秀的产品sense和策划能力，对产品的细节可以做到清晰理解；
3、了解AI大模型相关技术、应用场景和业界进展；
4、具备良好的沟通能力和项目管理能力；
5、3年以上开放平台类/AI类产品经验；
6、很强的责任感和自驱力。

加分项
1、时刻关心大模型领域研发方向和前沿技术；
2、 对于大模型tob行业情况有熟悉的认知；
3、 具备流畅的英文文档阅读能力。",,,,任职要求
