职位ID,职位编码,职位名称,职位类别,二级类别,工作城市,部门,工作年限,优先年限,发布时间,链接,职位描述,任职要求,官网职位类别
30452,,流量策略产品经理,产品,,上海,,未提及,,2026-09-29 15:10,https://jobs.bilibili.com/social/positions/30452,"工作职责:
岗位介绍
负责直播流量资源与推荐策略的产品化管理，连接业务目标和推荐执行，建设流量可观测、策略可配置、异常可定位、效果可验证的能力，支持营收、消费规模、主播成长和生态目标的协同。

工作职责
1.梳理直播跨入口、跨队列的流量链路，建立统一的资源、策略及执行记录，识别资源占用、兑现缺口、重复干预和策略冲突。
2.设计并建设策略登记、预算管理、优先级、互斥与频控、灰度发布、到期管理和回退等能力，提升策略执行的一致性与可管理性。
3.建立从用户请求、候选召回、排序混排、下发曝光到有效消费的诊断机制，定位供给、分发、产品承接等环节的问题，推动修复和复核。
4.与业务、算法和数据团队共同制定指标口径、实验规则及效果评估方法，区分资源配置变化与策略效率改善，评估对营收、规模和体验的影响。
5.协同主站及直播相关团队明确资源接口、配置权限和变更流程，将经营决策转化为可执行的系统规则，持续提升上线与异常处理效率。","工作要求:
1.具备推荐策略、流量平台、广告策略平台或实验平台相关产品经验，独立负责过涉及多目标、多规则或跨团队资源分配的项目。
2.理解召回、排序、混排、配额、频控和实验机制，能与算法、研发讨论实现边界，并将复杂规则转化为清晰的产品方案。
3.具备较强的数据分析与问题排查能力，能使用SQL核查指标和链路数据，理解统计口径、样本偏差及A/B实验的基本限制。
4.具备平台产品设计能力，能定义资源与策略对象、配置流程、权限、状态、异常处理和回退机制，兼顾业务易用性与线上可靠性。
5.能在营收、用户体验、消费规模和供给成长之间识别真实取舍，推动相关团队形成明确的资源约定和验收标准。

加分项
●有内容推荐、直播混排、跨业务流量仲裁或大规模策略配置经验。
●有线上复杂问题排查、策略冲突治理及资源成本核验经验。
●有通过自动化改善策略分析、实验管理或异常诊断效率的实践。",产品运营类
30450,,主播增长策略产品经理,产品,,上海,,未提及,,2026-09-29 15:10,https://jobs.bilibili.com/social/positions/30450,"工作职责:
岗位介绍
负责直播供给的增长与成长策略，结合主站内容、创作者关系和直播经营特点，发现具有潜力的主播与UP主，设计从开播激活到质量成长的产品和激励机制，提升有效供给规模与资源投入产出，推动B站原生直播生态发展。

工作职责
1.建立主播生命周期与供给分层，结合内容能力、用户需求、开播行为和经营表现，识别公会主播、独立主播及主站UP主的成长机会与关键障碍。
2.设计开播激活、冷启动、质量成长和差异化扶持策略，明确准入、激励、资源配置及退出规则，在预算约束下提高有效开播和培养效率。
3.推动主站UP主的直播成长项目，围绕内容任务、开播准备、素材与工具、成长诊断等环节形成可重复的产品方案，降低创作者尝试直播的成本。
4.建立供给增长指标与实验评估机制，区分自然成长、供给结构变化和策略贡献，持续评估成长速度、培养增量及投入产出。
5.协同品类运营、公会运营、推荐算法、主站产品及研发团队，推动策略上线、效果复盘和资源调整，将有效机制沉淀为可复用能力。","工作要求:
1.具备创作者、主播、商家或其他平台供给增长相关产品/策略经验，独立负责过从问题识别、机制设计到上线验证的完整项目。
2.能理解不同供给者的动机、生产成本和经营约束，通过调研与数据判断增长障碍，并设计有针对性的激励和成长路径。
3.具备扎实的数据分析能力，能够使用SQL完成必要分析，理解分层、同期群分析和A/B实验，能够识别样本变化、指标口径及归因问题。
4.理解推荐分发与供给成长的关系，能将业务目标转化为资源规则和产品需求，处理供给数量、质量、营收及生态之间的取舍。
5.具备跨团队推进能力，能明确项目负责人、资源依赖和验收标准，并持续推动复杂项目形成业务结果。

加分项
●有直播冷启动、创作者激励、公会或内容生态经验。
●有从存量内容创作者中发展新供给形态的经验。
●有将AI用于开播准备、素材组织或成长诊断，并验证实际效果的经验。",产品运营类
30440,,营收活动产品经理（直播方向）,产品,,上海,,2年以上,,2026-09-29 15:10,https://jobs.bilibili.com/social/positions/30440,"工作职责:
1、负责B站直播营收场景的产品体系搭建与迭代，重点围绕用户打赏、赛事、榜单冲刺等核心玩法，设计高转化率的营收活动方案；
2、深入理解公会与头部主播的运营诉求，制定差异化活动策略，并通过用户反馈与数据复盘，持续优化活动渗透率、主播参赛率及ARPU值；
3、推动活动后台的模版化、自动化建设，将高频玩法封装成通用能力，提升运营侧的活动配置效率，降低协同成本。","工作要求:
1、全日制本科及以上学历，2年以上直播/泛娱乐行业产品经验；
2、有成功主导过大型活动经验者优先；
3、对数据敏感，能独立完成复杂活动的数值测算及分析；
4、具备较强的抗压能力与跨部门推动力，有责任心，能够保障活动项目稳定落地。",产品运营类
30698,,增长策略产品经理,产品,,上海,,2年以上,,2026-09-28 14:56,https://jobs.bilibili.com/social/positions/30698,"工作职责:
1、负责 B 站的增长体系建设，对 B 站的新用户的规模和留存负责
2、理解用户的生命周期，能够借助多种手段来提升用户全生命周期价值，从投放、拉新、留存的各个环节中寻找优化空间，提出针对性的解决方案
3、对数据敏感，分析能力及逻辑性强，具备强烈好奇心和自驱力","工作要求:
1、本科及以上学历，2 年以上增长策略产品工作经验，熟悉增长方法论、推荐策略，有内容型产品经验者优先
2、敢于下判断和决策，能够拆解目标并落地
3、有好奇心，对新事物有探索欲，熟练运用 AI 工具的优先
4、有较强的 owner 意识，优秀的沟通和协调能力，对整体项目结果负责",产品运营类
30696,,增长策略产品经理（用户产品方向）,产品,,上海,,2年以上,,2026-09-28 14:53,https://jobs.bilibili.com/social/positions/30696,"工作职责:
1、负责 B 站新用户的产品链路的设计，负责B 站大型增长活动的方案设计
2、负责设计onboarding 链路，对登录率、预装激活率等指标负责，保障用户丝滑的产品体验
3、负责 B 站各类活动的产品方案设计，能够操盘大型增长活动，兼顾用户体验和业务增长","工作要求:
1、本科及以上学历，2 年以上用户产品工作经验，熟悉用户增长方向的主流实践，有增长方向、活动方向经验者优先
2、有很强的用户视角，至少是一个主流内容平台的极深度用户，能够在用户视角洞察到不一样的问题
3、有优秀的产品链路设计和数据分析能力，具备强烈好奇心和自驱力",产品运营类
30694,,增长策略产品经理（内容承接方向）,产品,,上海,,2年以上,,2026-09-28 14:47,https://jobs.bilibili.com/social/positions/30694,"工作职责:
1、负责 B 站新用户的承接体系，对 B 站的新用户留存负责
2、负责制定新用户的整体承接策略和规划，通过研究用户与内容的匹配、设计差异化的推荐策略等，推动业务增长
3、对用户进行精细化分层管理，针对各层级用户的行为习惯、兴趣偏好制定差异化的推荐产品策略，实现用户分层下的精准推荐，提高用户对内容的满意度和忠诚度
4、对新用户的内容画风进行把控，能够发现画风问题并解决，在业务规模增长的同时，保护好社区氛围","工作要求:
1、本科及以上学历，2 年以上增长策略产品工作经验，熟悉推荐策略、生态策略，有内容型产品经验者优先
2、具备优秀的策略设计能力和业务理解能力，能够敏锐通过数据波动、用户声音发现推荐策略中的问题，并推动有效解决方案落地
3、有较强的 owner 意识，优秀的沟通和协调能力，对整体项目结果负责",产品运营类
30692,,增长策略产品经理（投放平台方向）,产品,,上海,,2年以上,,2026-09-28 14:45,https://jobs.bilibili.com/social/positions/30692,"工作职责:
1、负责投放平台的产品迭代，负责提升B 站的投放效率
2、负责广告投放产品和工具方向，包括归因回传、投放能力、提效工具
3、深入探索AI在投放全链路的应用场景，如：智能出价调优、动态预算分配、异常投放自动诊断与修复等，主动挖掘AI 的提效点
4、对数据敏感，分析能力及逻辑性强，具备强烈好奇心和自驱力","工作要求:
1、本科及以上学历，2年以上 增长策略产品工作经验，有广告投放产品、广告平台产品经验的优先
2、熟悉竞价广告投放机制，如：召回、排序、定向、归因、计费等逻辑
3、具备AI在广告投放领域的产品或策略落地经验，有AIGC辅助创意生成或智能投放自动化产品项目经历者优先",产品运营类
30454,,内容消费产品经理,产品,,上海,,未提及,,2026-09-17 20:43,https://jobs.bilibili.com/social/positions/30454,"工作职责:
岗位介绍
负责主站内容、UP主关系与直播之间的消费产品，围绕用户的真实兴趣和实时互动需求，设计从内容发现、预约、进入直播到后续内容消费的完整体验，提升有效直播消费，推动原生UP与主站生态的双向连接。

工作职责
1.结合用户研究与行为数据，识别视频、作者空间、动态、评论和搜索等场景中的直播需求，确定优先服务的人群、内容与入口。
2.设计从直播发现、预约与提醒到进房承接的产品流程，处理未开播、正在直播、内容状态变化和已结束等关键状态，提升用户选择与消费体验。
3.推动原生UP直播的消费侧产品，协同主播增长、运营及推荐团队，让主站已有内容与关系有效承接到直播，并将直播结果连接回后续创作和内容消费。
4.建立跨入口、跨内容形态的指标和实验评估，识别真实新增消费与入口迁移，协调主站、直播、算法、设计和研发推进上线迭代。","工作要求:
任职要求
1.具备内容平台、社区或消费产品经验，独立负责过从用户需求、场景设计到上线验证的完整项目。
2.对内容消费、创作者关系和用户行为有深入理解，能够解释用户为什么在某个时刻需要直播，并据此设计清晰的产品体验。
3.具备扎实的交互与产品设计能力，能覆盖多入口衔接、内容状态、失败路径和进房后的承接，推动设计与研发完成细节。
4.具备数据分析与实验判断能力，能拆解曝光、选择、有效消费和复访，识别结构变化与渠道迁移，评估对整体用户体验的影响。
5.具备跨业务协作能力，能推动不同入口与产品团队就用户目标、供给、资源、交付和验收达成一致。

加分项
●有视频、直播、作者空间、关注动态、内容搜索或预约产品经验。
●有双列内容发现、实时内容表达及跨内容形态消费的设计经验。
●熟悉B站内容社区，有原生创作者或用户研究积累。",产品运营类
28008,,海外风控策略产品,产品,,上海,,4年以上,,2026-09-15 18:45,https://jobs.bilibili.com/social/positions/28008,"工作职责:
1. 负责海外反作弊风控策略的设计、落地、评估与持续优化，涵盖内容安全、账户安全、交易安全等多个场景。
2. 通过对业务数据的监控分析，主动发现作弊行为模式，并设计相应的识别与防控策略。
3. 与算法、研发、运营多团队紧密协作，推动策略的工程落地与效果验证。
4. 关注行业动态与黑灰产手段变化，持续迭代风控模型与策略体系，提升防御能力。
5. 制定相关数据监控报表与预警机制，及时感知风险变化并推动应对。","工作要求:
1. 本科及以上学历，英语流利，4年以上互联网风控、反作弊、安全策略产品相关经验
2. 熟悉常见的作弊手法及其对抗思路，具备较强的数据分析能力和逻辑思维，能独立完成策略设计及效果评估。
3. 熟练使用SQL等数据分析工具，具备良好的跨团队沟通与项目推进能力。
4. 责任心强，对风险敏感，能在压力下保持冷静，具备良好的风险判断与决策能力。",产品运营类
28746,,国际化搜推产品经理,产品,,上海/新加坡/深圳市,,5年以上,,2026-09-15 18:44,https://jobs.bilibili.com/social/positions/28746,"工作职责:
1. 负责B站国际化版本推荐与搜索的产品策略规划，深入分析海外不同区域用户的消费习惯与意图，与算法团队合作，通过优化推荐算法逻辑与搜索排序策略，提升核心流量分发效率及内容消费指标。

2. 建立完善的搜索与推荐数据监控体系，利用A/B Testing与深度数据归因，通过快速迭代策略提升核心数据指标。

3. 协同算法工程师与工程团队，针对海外复杂的语言环境与文化背景，推动模型策略在推荐召回、排序及搜索纠错等场景的本地化落地，平衡内容分发精准度与合规安全性，提升用户的社区互动深度。","工作要求:
1. 至少5年及以上产品经理经验，深耕推荐系统、搜索产品或内容社区领域，了解国际化内容分发策略，具备大型平台出海业务经验者优先。

2. 理解推荐与搜索产品逻辑，能够与算法团队配合，推动复杂策略的工程化实现与优化。

3. 具备敏锐的数据洞察力，能熟练运用分析工具挖掘业务问题并制定针对性的改进方案，同时具备优秀的项目推动力，能够跨团队高效协作。

4. 英语能力熟练，对海外互联网生态及多元文化趋势有深刻认知，具备极强的用户同理心与探索欲，能够适应国际化业务中快节奏的产品迭代环境",产品运营类
30524,,财务产品经理,产品,,上海,,3-5年,,2026-09-15 12:21,https://jobs.bilibili.com/social/positions/30524,"工作职责:
1.负责预算管理、滚动预测、预算执行分析及管理报表等财务产品的规划、设计与迭代。
2.深入理解互联网企业财务管理模式，梳理预算编制、预算调整、预算控制、费用管理、经营分析及管报输出等业务流程。
3.负责财务产品需求调研、业务分析、方案设计、产品原型、需求文档及项目推进。
4.协同财务、业务、数据、技术及管理层，推动产品落地并持续优化用户体验和业务价值。
5.建立预算及管理报表相关指标、维度、口径和数据规则，推动业财数据贯通。
6.负责产品上线后的运营、培训、问题跟踪及效果评估，持续提升系统使用率和数据质量。
7.关注财务数字化及 AI 应用发展，探索智能预算、智能分析、自然语言取数、经营报告自动生成等应用场景。","工作要求:
1.本科及以上学历，财务、会计、金融、经济、信息管理等相关专业。
2.3-5 年财务产品经理或业财产品相关工作经验，有预算管理、管理报表、财务分析或财务数字化产品经验。
3.必须具备自研财务产品经验，能够独立完成从需求分析、产品设计到研发落地和上线迭代的完整闭环。
4.熟悉预算管理及管理报表核心流程，包括但不限于：
- 预算编制、分解、下达与调整
- 预算执行、控制与预警
- 滚动预测及预算差异分析
- 费用预算及项目预算管理
- 管理报表、经营分析及多维数据展现
5.具备较强的产品方案设计能力，能够独立输出 PRD、流程图、原型及业务规则文档。
6.具备良好的财务业务理解能力，能够与财务、业务、数据和技术团队进行有效沟通。
7.具备互联网行业背景，了解互联网企业常见的组织、成本中心、项目、产品线及经营分析模式。
8.有 AI 产品或 AI 能力应用实践，例如智能问数、智能报表、AI 经营分析、报告生成、预算预测或智能助手等，并能说明实际应用成果
9.具备较强的逻辑分析、结构化思考和项目推动能力，能够处理复杂业务需求及跨部门协作。

加分
1.熟悉市场主流预算及财务管理产品，如 SAP Analytics Cloud、IBM Planning Analytics、Oracle EPM、Tagetik、先胜业财等。
2.有 Tagetik、先胜业财或其他预算管理产品的实施、产品设计、竞品分析或深度使用经验。
3.具备财务系统、数据仓库、BI、ERP、费控或核算系统建设经验。
4.熟悉 SQL、数据模型、指标体系或 BI 工具，能够理解和分析财务数据链路。
5.有大型互联网公司、平台型企业或多组织集团预算管理经验。
6.有财务共享、业财融合、经营分析体系或财务数字化转型项目经验。",产品运营类
28968,,直播用户产品,产品,,上海,,1年以上,,2026-09-09 21:21,https://jobs.bilibili.com/social/positions/28968,"工作职责:
1. 独立负责直播业务的产品规范与互动氛围，为用户体验负责
2. 熟悉产品设计、交互体验，具备较强的原型能力，洞悉用户体验和设计上的体验差别
3. 有一定的沟通能力，能够作为产品owner协同设计、开发确保功能模块的上线
4.具备ai工具的使用能力，有能力搭建和调试AI Agent，帮助团队提升效率","工作要求:
1. 1年以上工作经验，全日制本科毕业，有过直播、社区、ai agent产品经验优先
2. 数据导向，熟悉 AB 实验，有基本的数据分析能力，能写SQL
3. 独立或作为主要人员参与过完整功能的设计到上线全流程，能够总结功能收益并推进迭代
4. 有大型项目管理经验和高保真原型制作能力是加分项
5. 熟练使用AI agent能力者优先",产品运营类
30218,,直播营收产品（猫耳FM）,产品,,上海,,3年以上,,2026-09-09 14:35,https://jobs.bilibili.com/social/positions/30218,"工作职责:
1、负责直播营收玩法的全流程设计与迭代，对营收规模、付费率、ARPU 负责；
2、结合用户特征和平台调性，深入理解用户付费动机，针对不同付费分层设计差异化的付费策略和机制；
3、与技术、设计、运营、数据团队深度协作推动项目落地。","工作要求:
1、本科及以上学历，3年及以上产品经验，有直播/社交/娱乐行业营收产品经验优先；
2、熟悉直播用户与主播生态，能精准把握用户心理；
3、逻辑性强，有较强的数据分析能力，善于深度思考，对业务发展、产品设计有自己独立理解；
4、有出色的语言表达能力，有良好的沟通合作意识和团队协作能力。",产品运营类
27898,,资深直播营收产品,产品,,上海,,5年以上,,2026-09-09 14:35,https://jobs.bilibili.com/social/positions/27898,"工作职责:
1.以营收指标为核心，基于业务场景设计营收增值玩法和功能，包括玩法框架、体验、数值策划等，为玩法整体效果负责（包括但不限于PK玩法、特权体系、语聊房等）;
2.善于挖掘适用于直播平台的新玩法，定期调研其他平台动态和信息，通过用户调研、数据分析等方式洞察用户付费偏好，挖掘用户付费深度；
3.能根据用户反馈和玩法数据调整优化营收玩法，完善迭代功能和运营策略；
4.善于跨团队合作，协同技术、运营等多方团队，快速推动项目落地，提高项目整体质量。","工作要求:
1.本科以上学历，5年及以上营收产品岗工作经验，有PK玩法/特权体系/语聊房等项目经验优先;
2.有一定创新思维及玩法创意，自驱能力较强，善于观察各行业优秀营收手段和商业模式，主动尝试转化为有效业务手段；
3.拥有优秀的逻辑思维，及独立思考决策力，对数据敏感，能够通过数据变化快速定位业务问题,善于突破定式；
4.有较好抗压能力，善于沟通跨部门解决问题；
5.愿意主动承担业务，与团队共同完成营收增长的突破；
6.熟练使用AI agent能力者优先。",产品运营类
30382,,交易内容生态产品经理（创新交易模式方向）,产品,,上海,,3年以上,,2026-09-07 11:56,https://jobs.bilibili.com/social/positions/30382,"工作职责:
1. 社区交易意图识别：基于社区用户求购、稿件种草内容，识别、分类社区潜在交易意图，搭建商机识别产品能力，把社区原生需求转化成可落地的交易商机。
2. 探索社区交易新产品形态：围绕社区交易意图，调研 UP 主定制、众筹、预售、限量款等创新交易玩法，输出业务可行性分析、商业模式测算，独立完成从 0 到 1 产品方案设计、落地与迭代。
3. UP 主分层产品策略设计：深度理解不同层级、不同垂类 UP 主的特性与商业化诉求，站在用户、品牌、平台多方视角，结合社区流量分发机制，制定分层差异化产品策略。
4. 业务指标建设与迭代：搭建创新交易业务指标体系，通过数据持续验证玩法效果，迭代产品机制","工作要求:
1. 拥有3年以上互联网产品经理经验，熟悉内容电商；有交易策略、商达撮合相关产品经验者优先
2. 具备优秀的数据分析能力和逻辑思维，能从数据中发现问题、定位机会，并驱动决策
3. 有owner意识，具有突破、创新精神，执行力强",产品运营类
30293,,社区互动产品经理,产品,,上海,,5年以上,,2026-09-01 19:49,https://jobs.bilibili.com/social/positions/30293,"工作职责:
围绕用户与用户之间的互动连接，负责互动场景的产品设计、策略优化与生态经营
1、负责B站评论、弹幕及创新互动产品的用户端体验设计，通过数据分析、用研等方式，挖掘不同场景下社区互动存在的痛点，并通过产品设计的方式，让社区用户持续产生更多的正向互动行为
2、与算法团队、社区运营、风控安全团队合作，持续优化评论、弹幕、私信等方向的内容生态策略，提升用户的社区互动氛围与生态健康度
3、探索 AI 驱动的社区互动新玩法","工作要求:
1、熟悉B站社区文化，对社区有热爱
2、本科及以上学历，5年及以上C端产品经验，有兴趣社区或内容平台的相关经验
3、同理心强，具备敏锐的用户洞察能力，能够深入理解年轻用户的社区行为，识别年轻用户在社区互动等表达等场景中的痛点与需求
4、具备独立深入思考和推进工作的意识和能力",产品运营类
30285,,资深基础体验产品（国际化方向）,产品,,上海,,5年以上,,2026-09-01 16:11,https://jobs.bilibili.com/social/positions/30285,"工作职责:
1. 深入理解B站内容生态与海外内容市场，通过数据分析、用户调研等方式，优化海外用户入站产品链路、内容策略、消费与创作体验，对海外用户留存、活跃度及内容消费指标负责。
2. 协同各产品团队，理解整体产品架构与技术方案，推动出海项目以高可拓展、高合理性的方案落地，保障产品体验与业务效率。","工作要求:
1. B站资深用户，至少5年及以上产品经理经验，有海外产品、平台产品相关经验优先。
2. 长期关注海内外互联网内容和社区产品，熟悉海外主流平台产品逻辑与用户习惯。
3. 英语能力熟练，掌握一定的跨语言传递知识和能力。有留学经历优先。
4. 具备优秀的用户洞察、数据分析与方案落地能力，对全球用户与多元文化抱有尊重、热情与好奇心，学习探索能力强。",产品运营类
30244,,C端用户产品经理,产品,,上海,,1-3年,,2026-08-28 19:11,https://jobs.bilibili.com/social/positions/30244,"工作职责:
1.负责 C 端用户体验相关产品规划与迭代，重点围绕电视端播放页、推荐页、关注页、搜索等核心场景，持续优化用户使用体验。
2.深入理解用户在内容消费、观看决策、播放控制、内容发现、账号登录等链路中的真实需求，发现体验问题并推动解决。
3.围绕用户留存、VV/VT、登录率等核心指标，结合用户行为数据、用户反馈、竞品分析等方式，拆解问题、提出假设并验证优化效果。
4.负责播控、关注动态、搜索等基础体验优化，包括操作路径、信息呈现、内容发现效率、播放转化、登录引导等，提升用户观看效率和活跃度。
5.参与电视端 AI 场景探索，结合内容消费和大屏交互场景，探索 AI 搜索、智能问答、语音交互、内容理解、个性化推荐等创新方向。
6.协同设计、研发、数据、运营、算法等团队，推进需求分析、产品方案、项目排期、上线验收和效果复盘，确保产品高质量落地。","工作要求:
1.本科及以上学历，1-3年 C 端互联网产品经验，有内容、视频、社区、搜索、推荐、增长、工具类产品经验优先。
2.具备较好的用户同理心和场景理解能力，能够从用户目标、使用路径、决策成本和操作成本出发，判断体验问题和优化方向。
3.对 C 端产品体验敏感，关注细节，能识别复杂路径、低效操作、信息不清晰、转化阻塞等问题，并形成可落地的产品方案。
4.具备基本的数据分析能力，能够结合留存、VV/VT、登录率等指标拆解问题，提出产品假设并跟进效果验证。
5.学习能力强，对新业务、新终端和 AI 产品保持好奇，愿意快速理解电视端交互特点和内容消费场景。
6.自驱力强，执行力好，沟通清晰，具备良好的跨团队协作和项目推进能力。
7.产品基本功扎实，能够独立完成需求分析、竞品分析、原型设计、PRD 撰写、上线跟进和复盘。

加分项：
1.有内容消费、视频播放、搜索推荐、用户增长、登录转化、会员转化等相关项目经验。
2.有电视端、OTT、智能硬件、车机、IoT 等非手机端产品经验。
3.对 AI 在 C 端产品中的应用有兴趣或实践经验，如 AI 搜索、智能问答、语音助手、内容摘要、个性化推荐等。
4.日常对长视频、短视频、直播、内容社区、智能终端等产品有持续观察和思考。",产品运营类
30209,,商业化-资深应用下载行业产品,产品,,上海,,5年以上,,2026-08-26 16:41,https://jobs.bilibili.com/social/positions/30209,"工作职责:
1、基于 B 站下载广告业务现状，理解广告客户需求，输出产品规划，对下载业务整体结果负责。
2、设计 App 下载相关产品与投放策略，优化投放全流程，提升客户投放效果，拉动业务收入与转化。
3、基于平台场景特色和人群画像，探索平台差异化的投放能力和模式，打造行业护城河。
4、对接研发、设计等团队，推进需求落地，跟进项目上线，拿到业务结果。","工作要求:
1、本科及以上学历，计算机、数学、统计等相关专业优先。
2、5年以上商业化 / 产品相关经验，懂广告竞价、App 下载投放链路者优先。
3、会用 SQL、Excel 做数据分析，对数据敏感，能看懂数据、输出分析结论。
4、主动性强，能扛业务压力，善于跨部门沟通协作，目标感强。",产品运营类
30207,,商业化-下载行业产品经理,产品,,上海,,3-5年以上,,2026-08-26 16:33,https://jobs.bilibili.com/social/positions/30207,"工作职责:
1、深入了解B站应用下载广告生态和客户需求，制定有效的产品规划；
2、负责应用下载广告的产品策略设计，对广告的商业化路径 、售卖策略、收入负责，优化客户投放效果和效率；
3、与设计、研发等跨部门团队合作，协同推进项目落地，交付产品结果；
4、持续追踪及分析关键产品指标，通过数据驱动为产品决策提供洞察和迭代依据；","工作要求:
1、本科及以上学历，计算机、电子工程、数学或统计学等专业优先；
2、3~5年以上商业策略产品经验，熟练掌握广告系统的竞价机制的框架和细节，相关工作经验优先；
3、熟练使用sql、excel，数据敏感度高，分析洞察能力强，并且能够较好地做数据呈现；
4、具备强烈的好奇心和自驱力，能够不断接受挑战，抗压能力强，并且具备较好的沟通能力和团队合作精神。",产品运营类
24550,,社区用户产品经理,产品,,上海,,3年以上,,2026-08-25 21:16,https://jobs.bilibili.com/social/positions/24550,"工作职责:
1、负责B站主端用户体验的定义和优化，能独立完成目标拆解和路径规划，擅长数据驱动以及对用户的洞察，提升产品易用性；
2、对内容生态有自己的洞察和理解，能够独立负责粉创关系链对功能及策略能力对优化，协同算法/研发/DS团队，持续迭代推荐策略及分发相关产品功能；
3、能够持续分析用户反馈和充分理解业务数据，可以深入用户使用场景、挖掘用户需求痛点，通过定量分析和定性判断对方式明确影响消费体验的问题，推动产品持续优化；","工作要求:
1.本科及以上学历，具有3年及以上产品经理经验；
2.出色的沟通协作和项目管理能力，抗压力强，具备拆解、解决复杂问题的能力；
3.良好的数据理解能力，逻辑思维能力强，具有探求心，自我驱动力强；
4.有内容行业或私域方向经验优先；",产品运营类
30077,,商业化-流量策略产品经理（播放页）,产品,,上海,,未提及,,2026-08-19 15:58,https://jobs.bilibili.com/social/positions/30077,"工作职责:
1.负责B站流量变现工作，追求商业价值和用户体验的共同提升，为场景收入负责；
2.基于用户需求分析，并结合AI内容理解、内容生成等能力，制定流量策略和样式链路，优化广告匹配效率；
3.有客户视角，深入了解预算链路，构建分行业的C端形态&策略，提升客户价值；
4.结合用户转化链路与B站流量特性，在推进广告收入提升的同时，平衡社区和商业利益，保障用户体验","工作要求:
1.本科及以上学历；
2.结果导向，有较强的ownership，能为项目指标负责
3.B站深度用户优先，了解B站社区文化
4.在流量变现、广告策略、用户增长 等方向上有过相关经验者优先；
5.逻辑框架性强，数据驱动，具备较好的自主数据分析能力；
6.有团队合作精神和良好的沟通能力，在复杂的跨团队合作中能顺利推进项目；
7.熟练使用Al agent能力者优先。",产品运营类
30075,,商业化-线索广告产品经理,产品,,上海,,3年以上,,2026-08-19 15:54,https://jobs.bilibili.com/social/positions/30075,"工作职责:
1、负责线索类效果广告的产品设计，效果数据分析、投放产品迭代及策略优化工作，对整体的线索类广告收入和模型机制效果负责；
2、对广告的线索销转流程有清晰的认知，深刻理解客户营销诉求和痛点，能够设计有效的产品解决方案提升线索的转化率，优化客户ROI；
3、负责线索广告产品方案的推进和落地，推动设计、技术、测试等相关团队及合作部门按时完成产品研发、高质量上线，完成产品目标。","工作要求:
1、本科及以上学历，计算机、电子工程、数学或统计学等专业优先；
2、3年以上商业策略产品经验，熟练掌握广告系统的竞价机制的框架和细节，技术背景优先；
3、熟练使用sql、excel，数据敏感度高，分析洞察能力强，并且能够较好地做数据呈现；
4、具备强烈的好奇心和自驱力，能够不断接受挑战，抗压能力强，并且具备较好的沟通能力和团队合作精神；
5、熟练使用Al agent能力者优先。",产品运营类
29291,,游戏行业广告产品经理,产品,,上海,,2-5年,,2026-08-19 11:18,https://jobs.bilibili.com/social/positions/29291,"工作职责:
1.负责游戏行业广告产品的规划与迭代，基于业务目标与数据分析制定产品策略；
2.深入理解客户与销售需求，推动方案落地；
3.协同研发、运营等团队，持续优化投放效果；
4.探索并应用AI工具提升产品效率与决策能力。","工作要求:
1.2-5年产品相关经验，有广告行业经验优先；
2.具备优秀的策略分析与逻辑思维能力；
3.沟通理解能力强，执行力高；
4.学习能力强，思维敏捷，对新技术与新模式保持高度敏感；
5.熟练使用Al agent能力者优先。",产品运营类
28742,,资深策略产品（国际化生态治理方向）,产品,,上海,,5年以上,,2026-08-17 15:47,https://jobs.bilibili.com/social/positions/28742,"工作职责:
1. 负责B站国际化业务的社区治理产品体系建设，制定符合全球多国家法律法规及各地区社区调性的内容分发策略，平衡社区生态健康与用户表达自由。通过数据分析、用户反馈等手段，发掘社区中存在的问题并上线对应治理策略。
2. 配合风控团队，搭建国际化全链路的风险防控产品策略，持续优化问题发现效率与准确率，降低平台风险。
3. 对接算法与技术团队，推动AI辅助审核工具的迭代升级，协同运营团队完善海外内容治理策略，确保海外社区的合规运营与可持续增长。","工作要求:
任职要求
1. 5年及以上产品经理经验，具备大型社区、社交平台或出海业务的社区治理及风控相关工作经验。
2. 熟悉国际化市场的内容合规及隐私政策，对全球各区域的内容社区问题有敏锐的感知力。
3. 能够处理复杂的策略逻辑，并有能力将业务场景转化为明确的优化需求，推动跨职能部门的技术协同。
4. 具备英语沟通能力，能够进行国际化的办公交流，具备极强的责任心、抗压能力以及处理突发危机的冷静判断力。",产品运营类
26611,,资深平台产品（国际化审核方向）,产品,,上海,,5年以上,,2026-08-17 15:19,https://jobs.bilibili.com/social/positions/26611,"工作职责:
1.负责B站海外分发内容的机审能力建设，将平台规则和社区公约转化为AI模型可识别的标准化特征，持续提升识别能力的准召。
2.负责B站海外分发内容的审核链路搭建，完善送审处置策略和决策仲裁逻辑，在人审资源有限的条件下实现人机协同效率最优。
3.负责B站海外审核台的AI工具建设，为审核员提供多语种翻译和跨文化理解的功能和工具，提升人审效率和准确率。
4.负责用户举报申诉、处置沟通、平台教育的产品逻辑和功能工具建设，提升用户和创作者的审核和反馈体验。","工作要求:
1. 5年以上平台治理产品、审核中台产品的工作经验，有从0到1搭建平台审核能力的经历，有海外视频平台或社区的工作经历优先。
2.对AI大模型的发展趋势和在安全生态治理中的应用非常了解，并能提出适配不同平台现状的产品化方案。
3.较强的资源协调能力、沟通能力，能多线程工作，能接受较频繁的短期出差。
4.主动性强，不受分工边界限制，喜欢新事物的挑战，有同级影响力。",产品运营类
29959,,会员产品负责人,产品,,上海,,5年以上,,2026-08-13 14:21,https://jobs.bilibili.com/social/positions/29959,"工作职责:
1. 大会员产品体系规划
* 负责大会员产品的整体规划与路线图制定，包括会籍形态、档位设计、定价与包装策略、订阅模式（单月/年度/连续包月）的产品方案；
* 定义会员产品的信息架构与核心体验，对大会员在客户端内的触达场景、表达方式和用户路径负责；
2. 转化与续费链路产品设计
* 对大会员的付费转化率、续费率等产品可归因指标负责，主导开通、支付、自动续费、过期召回、降级挽留等全链路的产品设计与迭代；
* 通过用户路径分析、漏斗拆解与 A/B 实验，持续优化关键转化节点，形成可复用的实验与决策机制；
* 负责收银台、支付路由、续费提醒、合约关系等底层产品能力的设计，保障大规模订阅交易的稳定与体验。
3. 权益与内容付费的产品化
* 将大会员权益（内容抢先看、画质、装扮、站内各业务权益等）进行产品化表达，设计权益的领取、使用、感知与展示机制，对权益使用率和感知度相关的产品指标负责；
* 与直播、游戏、会员购、漫画等业务的产品团队对接，完成跨业务权益的产品方案设计与落地
4. 团队管理
* 管理大会员产品经理团队，负责产品线分工、需求评审、版本节奏与产出质量；
* 建立团队的产品方法论（需求管理、实验规范、复盘机制），负责成员的绩效与成长","工作要求:
1. 本科及以上学历，5年以上 C 端产品经验，3 年以上付费会员/订阅类产品经验，3 年以上产品团队管理经验；
2. 有视频平台、流媒体或内容社区的会员产品核心岗位经验，主导过会员体系、定价档位或付费链路的大型改版并拿到结果；
3. 精通订阅制产品的关键指标与产品杠杆，有定价调整、连续订阅、挽留流程等项目的完整经验；
4. 数据驱动，熟练使用 SQL，能独立完成漏斗分析与实验设计，判断产品改动的真实收益；",产品运营类
29472,,AI产品专家（国际化AI翻译方向）,产品,,上海,,5年以上,,2026-08-12 19:31,https://jobs.bilibili.com/social/positions/29472,"工作职责:
1. 深入理解B站内容生态与外语内容市场，通过数据分析、用户调研、前沿技术理解等方式，找到最适合B站内容和生态的落地翻译场景和翻译策略，优化海外用户消费体验，对海外用户留存、活跃度及内容消费指标负责。
2. 负责AI翻译能力的持续建设与迭代，与AI团队深度协作，明确模型优化方向与业务目标，降低内容跨语言文化传播壁垒，精准传递UP主创作意图，提升跨语言内容消费体验。
3. 以社区共创价值出发，构建AI翻译工具能力，拓展应用场景边界、打造应用亮点，持续提升效果。","工作要求:
1. B站资深用户，至少5年及以上产品经理经验，有AI产品相关经验优先。
2. 长期关注海内外互联网内容和社区产品，熟悉海外主流平台产品逻辑与用户习惯。
3. 英语能力熟练，掌握一定的跨语言传递知识和能力，多语言能力或留学经验优先。
4. 具备优秀的用户洞察、数据分析与方案落地能力，对全球用户与多元文化抱有尊重、热情与好奇心，学习探索能力强。",产品运营类
28661,,国际化产品经理（AI内容生态）,产品,,上海,,5年以上,,2026-08-12 19:31,https://jobs.bilibili.com/social/positions/28661,"工作职责:
1. 负责 B站国际化 AI 内容生态相关产品探索，深入理解内容生产、消费、讨论和学习场景，结合AI能力与B站内容生态特点，设计适合用户理解、使用和沉淀的产品能力。
2. 与 AI、算法、研发、内容、运营等团队协作，探索 AI 能力在内容生态中的落地场景和产品形态。","工作要求:
1. 5 年及以上产品经理经验，有 AI 产品、Agent、内容消费、知识学习、创作工具、工作流工具或社区产品经验优先。
2. 对 AI 技术发展高度敏感，熟悉大模型、Agent、Prompt、工作流、AI 工具生态，有原型验证或从 0 到 1 产品经验优先。
3. 理解内容平台和社区生态，具备强探索能力、抽象能力、用户洞察和跨团队推进能力，能在不确定场景下快速定义问题并推动落地。",产品运营类
28659,,国际化产品经理（AI翻译方向）,产品,,上海,,5年以上,,2026-08-12 19:31,https://jobs.bilibili.com/social/positions/28659,"工作职责:
1. 深入理解B站内容生态与外语内容市场，通过数据分析、用户调研、前沿技术理解等方式，找到最适合B站内容和生态的落地翻译场景和翻译策略，优化海外用户消费体验，对海外用户留存、活跃度及内容消费指标负责。
2. 负责AI翻译能力的持续建设与迭代，与AI团队深度协作，明确模型优化方向与业务目标，降低内容跨语言文化传播壁垒，精准传递UP主创作意图，提升跨语言内容消费体验。
3. 以社区共创价值出发，构建AI翻译工具能力，拓展应用场景边界、打造应用亮点，持续提升效果","工作要求:
1. B站资深用户，至少5年及以上产品经理经验，有AI产品相关经验优先。
2. 长期关注海内外互联网内容和社区产品，熟悉海外主流平台产品逻辑与用户习惯。
3. 英语能力熟练，掌握一定的跨语言传递知识和能力，多语言能力或留学经验优先。
4. 具备优秀的用户洞察、数据分析与方案落地能力，对全球用户与多元文化抱有尊重、热情与好奇心，学习探索能力强。",产品运营类
28656,,海外社区产品经理,产品,,上海,,5年以上,,2026-08-12 19:31,https://jobs.bilibili.com/social/positions/28656,"工作职责:
1. 负责B站国际化社区产品建设，围绕社区场景，设计适合海外用户的社区产品机制。
2. 深入理解 B站社区氛围与海外内容社区用户习惯，结合不同垂直圈层特点，优化用户互动、表达、发布和回访体验。
3. 与内容、运营、审核、算法、研发等团队协作，推动社区产品方案从需求定义、试点验证到上线迭代。","工作要求:
1. 5 年及以上产品经理经验，有社区、UGC、内容平台、兴趣圈层、互动产品经验优先。
2. B站深度用户，理解弹幕、评论、圈层、社区氛围等产品形态，对用户互动和社区文化有敏感度。
3. 长期关注海内外内容社区产品，熟悉 YouTube、TikTok、Reddit、Discord、X、Instagram 等平台
4. 具备优秀的用户洞察、产品设计、数据分析和跨团队协作能力，对海外用户和多元文化有好奇心。",产品运营类
28302,,资深策略产品（社区治理/内容安全）,产品,,上海,,3年以上,,2026-08-06 11:55,https://jobs.bilibili.com/social/positions/28302,"工作职责:
1.负责内容安全核心风险治理，聚焦色情低俗、涉政敏感、暴力血腥、垃圾广告、群体对立、饭圈文化、违规言论等内容场景，覆盖视频、直播、图文、弹幕/评论多形态；
2.主导机审策略设计与落地，结合算法模型能力，制定内容风险识别规则、机审判定标准、自动化处置逻辑，推动实现“机审直接处置”，替代传统召回人审模式；
3.制定内容风险分级标准，设计差异化处置策略（内容删除、降权、限流、账号禁言/封禁），平衡内容安全与用户体验；
4.搭建机审策略效果评估体系，跟踪准确率、召回率、误判率、申诉率，联动算法团队优化模型，迭代机审策略；
5.对接运营、人工审核团队，收集人审反馈，优化机审策略阈值与判定逻辑，打通机审预筛-人审复核的协同链路；
6.监控内容风险舆情动态，快速响应新型内容风险，设计临时机审策略与应急处置方案；
7.协同平台产品、工程团队，推动机审策略在规则引擎、审核平台的落地，保障机审策略高效执行，符合合规要求。","工作要求:
1.本科及以上学历，理工科优先，3年以上内容安全、社区治理相关经验，视频/直播社区机审策略经验优先；
2.精通内容安全全风险场景，熟悉视频、直播、弹幕等多形态内容的风险特征，了解机审系统、规则引擎的工作逻辑；
3.具备极强数据分析能力，熟练SQL，可独立完成机审策略效果分析、AB实验设计，有Python数据分析能力者优先；
4.了解多模态算法基础原理，能高效对接算法团队，明确模型优化需求，推动机审策略与模型协同迭代；
5.逻辑严谨，具备系统性解决方案能力，能独立负责内容安全机审策略的设计、落地与迭代；
6.跨部门沟通推进能力强，对内容风险敏感度高，熟悉互联网内容安全监管政策，合规意识极强。",产品运营类
28304,,资深平台产品（业务风控/反作弊）,产品,,上海,,3年以上,,2026-08-06 11:47,https://jobs.bilibili.com/social/positions/28304,"工作职责:
1.负责业务安全类平台核心模块规划与设计：账号风控平台、反作弊策略配置台、设备指纹管理平台、团伙风险监控平台、业务交易拦截处置中心等；
2.设计账号风险识别、行为风控、黑灰产对抗的策略配置、灰度发布、效果监控能力，支撑业务风控策略快速上线；
3.搭建业务安全数据看板：账号风险大盘、黑灰产团伙监控、作弊行为分析、业务欺诈拦截报表，实现风险可视化；
4.设计业务风险处置工作台，支持封禁、限流、权限管控、交易拦截等批量 / 自动化处置能力；
5.深度对接业务风控策略专家、运营、算法团队，将业务安全需求落地为平台功能；
6.输出 PRD、原型设计，协同工程推进开发上线，持续优化业务风控平台易用性与稳定性。","工作要求:
1.本科及以上学历，3 年以上 B 端 / 中后台产品经理经验，风控 / 审核工具产品经验优先；
2.熟悉风控系统框架，掌握规则引擎、审核工作流设计逻辑；
3.优秀抽象逻辑能力，可将复杂业务转化为标准化产品方案；
4.跨部门沟通协作能力强，项目落地推进能力突出；
5.熟练 SQL，具备数据驱动产品决策能力；
6.风控业务学习能力强，AI / 大模型工具产品经验优先。",产品运营类
29341,,作者产品经理（AI方向）,产品,,上海,,3年以上,,2026-07-21 13:49,https://jobs.bilibili.com/social/positions/29341,"工作职责:
1、负责B站创作者产品建设，既覆盖投稿、稿件管理等创作基础链路，也推进面向创作者的AI agent产品；
2、建设面向UP主的AI创作助手，覆盖数据解读、创作决策支持等场景，建立回答质量与效果评测体系，对作者留存和采纳效果负责；
3、持续优化投稿等核心创作链路的产品体验，平衡新能力建设与存量体验改进；
4、深入理解创作者真实工作流与成长诉求，从真实使用数据和作者反馈中发现需求、提炼产品机会；
5、与研发、设计、运营团队紧密协同，推进产品快速迭代，保障交付进度与质量。","工作要求:
1、本科及以上学历，3年以上产品经验，有内容平台创作者侧产品或同类工具产品经验，理解创作者生态与内容社区；
2、具备完整的问题定义能力，能将模糊的业务诉求拆解为清晰的问题定义，动手前量化业务盘子、明确优先级，有独立立项并推动落地的实战经历；
3、有通过产品直接带动业务增长的完整案例，能讲清产品动作到业务指标的因果链，供给侧增长经验优先；
4、有AI/Agent产品落地经验并拿到可量化的业务结果，具备AI产品效果评测与迭代能力，对AI技术应用边界有真实判断；
5、对内容创作有真实的热情与好奇心，能共情创作者的处境与诉求；自驱力强，能在方向模糊、无成熟范式的环境下主动找到切入点并持续推进。",产品运营类
29339,,CRM产品经理（AI方向）,产品,,上海,,3年以上,,2026-07-21 13:47,https://jobs.bilibili.com/social/positions/29339,"工作职责:
1、负责面向内容运营团队的CRM产品建设，既覆盖CRM基础能力（标签体系、建联/签约流程等），也推进AI决策支持产品；
2、深入诊断CRM存量痛点，制定分阶段改进方案，协同内容运营团队和作者产品团队，将运营线下动作线上化、体系化，并实现触达作者的能力；
3、探索AI在运营决策支持场景的产品化路径，提出演进规划并推进迭代，建立效果评测体系，对采纳率和业务结果负责
4、与内部运营团队紧密合作，贴身理解运营日常工作流，识别主要提效点，先手动验证、再抽象规律、再产品化；
5、与运营、算法、研发保持紧密协同，保障产品交付进度与质量。","工作要求:
1、本科及以上学历，3年以上产品经验，有CRM或同类B端系统搭建经验，懂标签体系建设、销售/运营流程线上化、CRM与底层数据系统的配合方式；
2、具备完整的问题定义能力，能将模糊的业务诉求拆解为清晰的问题定义，动手前量化业务盘子、明确优先级，有独立立项并推动落地的实战经历；
3、有通过产品直接带动业务增长或提效的完整案例，能讲清产品动作到业务指标的因果链，供给侧增长（创作者增长、商家增长等）经验优先；
4、有AI/Agent产品落地经验并拿到可量化的业务结果，具备AI产品效果评测与迭代能力，对AI技术应用边界有真实判断；
5、出色的沟通与抽象能力，能深入运营一线理解真实工作场景，从琐碎需求中提炼结构性问题；自驱力强，能在方向模糊、无成熟范式的环境下主动找到切入点并持续推进。",产品运营类
29241,,商业化-电商广告产品经理,产品,,上海,,4年以上,,2026-07-13 22:38,https://jobs.bilibili.com/social/positions/29241,"工作职责:
1. 全流量电商效果广告产品
负责 B 站全流量场景下电商效果广告的产品功能设计与持续优化，深度结合平台内容生态，对商业收入增长指标负责，推动广告变现规模与质量双提升。
2. 智能投放平台与策略引擎
负责效果广告投放平台的产品建设，协同算法团队设计智能投放策略与动态竞价机制；基于用户行为数据与客户 ROI 目标，优化实时调价、人群定向、预算分配等核心策略，打造高转化的投放引擎。
3. 种草到转化全链路设计
深入研究电商""种草—转化""全链路，设计从内容种草到即时转化的产品路径，优化加购、下单等深转环节的产品体验，持续提升客户投放 ROI。
4. 行业化投放解决方案
敏锐洞察市场机会，深入挖掘 3C 数码、医疗健康、美妆等核心电商行业客户需求，提炼可复用的行业化投放解决方案，打造覆盖不同客户类型的投放链路，驱动客户数与收入增长。","工作要求:
1.本科及以上学历，4 年以上商业投放产品经验。
2.具备较强的业务 sense，熟悉广告变现的各类商业模式，逻辑性和框架性强，有较强的数据分析和产品设计能力；精通效果广告投放策略、人群定向等核心逻辑，能通过数据洞察优化产品策略。
3.具备算法策略协同经验，熟悉广告投放中的算法模型应用，能将业务需求转化为清晰的算法优化目标，推动策略迭代。
4.有电商行业产品经验，能精准把握行业客户痛点，提炼可复用的行业化产品策略者优先。",产品运营类
29210,,商业化-花火产品经理-商达撮合方向,产品,,上海,,3年以上,,2026-07-10 18:23,https://jobs.bilibili.com/social/positions/29210,"工作职责:
1.撮合体系整体规划
负责花火选人撮合全模块中长期Roadmap，覆盖人工选人、榜单、TA人群筛选、AI经纪人、AI选人、AI创意脚本工具；基于各行业客户投放诉求，搭建分层匹配策略，区分泛达人垂类达人供给匹配逻辑，持续提升撮合转化、商机成单率。
2.需求调研与方案设计
深度访谈直客、渠道代理、MCN、服务商、UP主，挖掘选人、询单、建联全链路痛点；输出完整PRD、原型、验收标准；联动数据部门共建行业达人标签体系
3.AI撮合能力迭代落地
承接花火AI撮合矩阵迭代，统筹AI选人、AI经纪人、AI脚本等能力规划，定义AI匹配规则、建联自动化流程；跟进AI模型效果，通过产品侧规则优化提升达人推荐精准度与批量建联反馈率。
4.跨项目协同与项目推进
联动研发、数据、设计、PSO、行业销售等团队，推进需求评审、排期、开发、灰度、全量上线全流程；主动协调跨模块依赖，解决多方信息断层，保障项目按期交付；输出上线宣发材料、销售培训方案，支撑功能落地渗透。
5.数据驱动持续迭代
搭建选人撮合核心指标看板；定期数据复盘，定位供给、匹配、建联环节短板，输出迭代方案；针对618等大促合作产出专项撮合优化策略。
6.行业标准化撮合方案沉淀
针对美妆、3C、游戏、服饰等垂类打造标准化选人模板与撮合方案，沉淀泛达人合作标杆案例；支撑低门槛特批、整包服务商、招募一口价等业务模式配套撮合能力建设。","工作要求:
基础要求
1.本科及以上学历，3年及以上互联网B端/撮合型商业化产品经理完整经验；
2.能独立输出PRD、原型、数据方案，熟悉敏捷研发流程；
3.具备数据思维，能独立通过大盘、细分行业数据定位问题，会使用SQL/数据看板做指标分析，可量化功能收益；
4.熟悉双边撮合平台供需匹配逻辑，有达人营销、广告投放、MCN服务商生态相关经验优先。
加分项
1.有小红书/抖音/视频号达人商单平台相关产品经验；
2.有AI撮合、智能推荐、大模型产品落地经验；
3.熟悉美妆、3C、游戏等行业广告投放与达人合作模式；
4.了解人群标签、用户画像、投放归因相关数据体系；
5.具备服务商、MCN、渠道代理生态产品设计经验。",产品运营类
29154,,游戏SDK产品经理,产品,,上海,,5年以上,,2026-07-07 22:13,https://jobs.bilibili.com/social/positions/29154,"工作职责:
1. 业务最佳实践沉淀与SDK能力收敛：梳理多业务线定制化需求，识别共性能力并设计最优业务实践标准，推动SDK核心能力收敛；对无法收敛的差异化需求，设计模块化开关、插件化架构或配置化方案，避免分支碎片化与维护成本失控。
2. 项目交付管理：作为中台研发团队与业务需求方的核心串联人，把控需求评审、技术方案对齐、排期、验收及上线全流程，确保SDK版本按时高质量交付。
3. 数据体系建设：基于游戏中台场景，优化SDK埋点规范、指标监控体系及数据看板；利用AI能力实现自动化埋点梳理、异常指标智能监控及漏斗辅助分析，驱动产品迭代与业务决策。
4. 业务赋能：深入理解游戏核心场景（如登录路径、支付等），将高频共性需求沉淀为标准化SDK能力，降低各业务线接入成本。","工作要求:
1. 5年以上产品经理经验，至少主导过1个大型游戏项目SDK从0到1的建设和完整交付，熟悉游戏研发、运营及中台协作全生命周期。
2. 中台经验：有复杂SDK产品矩阵的收敛/整合经验，能通过架构设计（模块化、配置化、插件化）解决多业务线定制化与标准化的矛盾。
3. 数据驱动：具备强数据意识，熟悉游戏中台数据场景，能利用AI工具（如自动化埋点分析、智能漏斗诊断、异常检测）提升数据运营效率。
4. 跨团队协同：具备强项目管理能力，能有效串联中台研发、QA、业务策划/运营等多方团队，推动需求落地并解决资源冲突。
5. 技术理解力：熟悉SDK技术架构（如模块化设计、热更新、兼容策略、版本管理），能与研发团队进行技术方案对齐与权衡。
6. 加分项：有Unity/Unreal引擎SDK接入经验；熟悉A/B测试体系；有AI辅助数据分析工具落地经验；熟悉海外发行策略。",产品运营类
27177,,商业化-广告投放平台产品经理,产品,,上海,,3年以上,,2026-06-16 14:02,https://jobs.bilibili.com/social/positions/27177,"工作职责:
1.负责 B 站商业化效果广告投放平台的产品建设，参与平台核心能力的规划、设计与迭代，覆盖投放结构、账户体系、资产管理、数据能力等基础模块。
2.深入理解广告投放业务流程，抽象通用平台能力，推进复杂系统的产品设计与需求落地，并与研发、销售、运营等团队协作，支持广告投放系统在稳定性、效率和可扩展性上的持续演进。","工作要求:
1. 本科及以上学历，3 年及以上产品经理经验；
2. 具备 ToB 产品经验，有平台型产品或复杂系统产品设计经验优先；
3. 具备较强的逻辑能力和系统思维，能够理解复杂业务并进行产品抽象；
4. 有良好的跨团队沟通能力和项目推动能力；
5. 对数据敏感，具备基础数据分析能力。
加分项：
1. 有技术相关背景，熟悉 API 调用或相关技术实现（如计算机相关专业或研发经验）； 
2. 对 AI 技术或相关技术架构（如模型调用、Agent 能力落地等）有一定理解或实践经验；
3. 熟练使用Al agent能力者优先。",产品运营类
28711,,资深平台产品（社区治理/内容安全）,产品,,上海,,3年以上,,2026-06-11 21:12,https://jobs.bilibili.com/social/positions/28711,"工作职责:
1.负责内容安全类平台核心模块规划与设计：内容安全规则引擎、机审策略管理平台、多模态审核工作台、内容处置中心、弹幕 / 评论风控平台等；
2.设计可视化规则引擎，支持内容风险规则配置、灰度发布、阈值调优、自动回滚，支撑机审策略快速迭代；
3.搭建人机协同审核工作流，打通机审预筛、人工复核、申诉闭环，提升内容审核效率；
4.落地内容安全数据看板：多模态风险大盘、机审效果监控、审核质量报表、舆情风险预警看板；
5.搭建机审自动化处置中心，实现视频 / 内容删除、降权、限流、打标、禁言等一键处置；
6.深度对接内容安全策略专家、审核运营、算法团队，落地机审全链路平台能力，适配大模型审核工具需求；
7.输出 PRD、原型设计，协同工程推进开发上线，持续优化机审平台稳定性与易用性。","工作要求:
1.本科及以上学历，3 年以上 B 端 / 中后台产品经理经验，内容安全、审核中台、机审平台产品经验优先；
2.熟悉视频 / 直播 / 弹幕内容安全治理逻辑，精通规则引擎、机审系统、审核工作台产品设计；
3.优秀抽象逻辑能力，可将复杂内容审核流程转化为标准化平台产品方案；
4.跨部门沟通协作能力强，项目落地推进能力突出；
8.熟练 SQL，具备数据驱动产品决策能力；
5.了解多模态 / 大模型审核技术，对内容风险敏感，合规意识极强。",产品运营类
28526,,AI Agent产品经理,产品,,上海,,2年以上,,2026-06-02 16:36,https://jobs.bilibili.com/social/positions/28526,"工作职责:
1、作为市场AI 产品接口人，承接市场业务需求，围绕内容智能化生产、营销流程自动化、广告投放优化、活动提效等商业化场景，基于大模型 & AI Agent 做产品落地
2、牵头搭建AI Agent 驱动的营销数据分析、舆情监测产品体系，依托智能数据分析 Agent 完成数据自动提取、挖掘、异动洞察，输出分析结论，为市场策略、业务决策提供智能化数据支撑
3、负责面向市场团队的 AI Agent 产品落地赋能：组织产品实操培训、输出使用指南、沉淀落地案例与最优使用范式，持续提升全员 AI 工具落地使用率与落地效果
4、搭建市场侧 AI 产品知识库，沉淀 Agent 配置方案、落地经验、问题排障方案，沉淀资产、助力团队复用与迭代","工作要求:
1、本科及以上学历，计算机、软件工程、产品相关专业优先
2、2年及以上 AI 产品 / Agent 产品 / 营销技术产品经验，有市场营销产品线落地经验优先
3、具备强服务意识与钻研能力，紧跟大模型、AI Agent 行业迭代，快速学习新技术并结合市场业务落地创新产品方案
4、优秀的业技转化能力：可拆解业务诉求翻译成 Agent 产品落地逻辑，同时把复杂模型 / 产品逻辑通俗化输出给业务方
5、跨部门协同能力突出，可联动算法、研发、市场多角色高效推进项目落地
7、结果导向、抗压性强，可多项目并行统筹",产品运营类
28493,,交易-电商产品经理,产品,,上海,,2年以上,,2026-05-29 15:37,https://jobs.bilibili.com/social/positions/28493,"工作职责:
岗位职责：
1.负责平台商品全链路体系建设，涉及包括类目/属性标准化、商家发品AI工具建设、商品信息质量诊断等；
2.具备良好的平台产品架构能力，深入理解商品的底层模型和数据结构，服务自营/小店/票务等多个业务场景；
3.良好的数据分析和洞察能力，制定合理的商机引入策略，联动行业提升平台的优质供给数量；
4. 建设站内&站外比价能力，联动流量侧扶优打差，引导商家提供更低价供给；","工作要求:
岗位要求：
1.大学本科以上学历，有2年以上电商相关产品经历，对电商商品产品链路熟悉者优先
2.强结果导向，能够熟练使用SQL进行商品数据分析和洞察，为后续迭代提供依据
3.热爱产品岗位工作，有较好跨团队沟通能力、数据分析、较强责任心和自驱能力",产品运营类
28034,,AI搜索产品经理,产品,,上海,,3年以上,,2026-04-23 16:08,https://jobs.bilibili.com/social/positions/28034,"工作职责:
1. 负责AI智能搜索、大模型问答、智能摘要、AI联想对话式搜索等方向产品整体规划、路径拆解与版本落地，打造社区专属AI原生搜索体验，对AI搜索转化率、满意度、准确性指标负责。
2. 深度对接算法、大模型、NLP、前端研发团队，围绕意图理解、多轮对话、内容生成、幻觉治理、智能纠错等AI搜索全链路持续策略迭代与体验打磨。
3. 联动内容生态、审核风控、商业化、创作者团队，平衡AI生成内容安全合规、社区氛围、用户效率与商业目标，推进AI搜索场景业务渗透。
4. 通过用户行为数据、A/B实验、用户调研，持续复盘AI搜索效果，优化问答质量、结果可读性、多模态智能呈现能力。
5. 跟踪行业AI搜索、全网智能问答、竞品大模型搜索产品进展，结合B站年轻用户心智做场景化产品创新与差异化设计。","工作要求:
1. 本科及以上学历，3年及以上产品经验，有AI搜索、智能问答、大模型应用、生成式产品经验优先。
2. 熟悉搜索底层逻辑+大模型能力边界，了解Query意图识别、RAG检索增强、Prompt策略、生成内容风控全流程。
3. 擅长数据实验、指标体系搭建，能用数据定位AI召回、排序、生成体验问题，驱动迭代优化。
4. 极强跨部门推进能力，可协同算法、模型、风控多复杂团队高效落地中长期项目。
5. 敏锐用户洞察，理解年轻人AI使用习惯，擅长场景化AI功能设计。
6. 逻辑清晰自驱力强，同理心佳，熟悉B站社区文化优先。",产品运营类
28032,,垂类搜索产品经理,产品,,上海,,3年以上,,2026-04-23 16:06,https://jobs.bilibili.com/social/positions/28032,"工作职责:
1. 负责游戏、音乐、明星等单一或多个垂类赛道搜索专项规划、策略定制与长期迭代。
2. 针对垂类专属内容特征优化召回权重、专属排序规则、聚合卡片、专题搜索、身份搜索、多结果聚合形态，提升垂类内容曝光与搜索找物效率。
3. 联动垂类品类运营、内容审核、会员商业化、IP版权团队，深度贴合垂类业务目标，兼顾用户查找体验、生态分发效率与商业变现需求。
4. 基于垂类搜索行为数据、圈层用户偏好，专项复盘冷热门词、长尾需求、圈层黑话搜索痛点，持续专项优化。
5. 对标各平台垂类专属搜索、圈层特色搜索玩法，挖掘B站分区独有心智，做垂直场景搜索产品创新。","工作要求:
1. 本科及以上学历，3年及以上产品经验，有垂类内容/社区分区/电商品类搜索经验优先。
2. 精通搜索全链路召回、排序、相关性、词库建设，懂垂类圈层用户语言、圈层搜索习惯更佳。
3. 优秀垂类数据分析能力，能拆解细分赛道搜索流量、分发效率、留存转化并专项优化。
4. 擅长深度业务协作，对齐垂类业务目标独立推进专项大型项目。
5. 洞察力强，懂圈层文化、细分用户差异化需求，能打造专属垂直搜索体验。
6. 自驱力强抗压性好，热爱B站生态与分区圈层文化优先。",产品运营类
28002,,衍生品产品经理-出版物方向,产品,,上海,,5年以上,,2026-04-22 14:51,https://jobs.bilibili.com/social/positions/28002,"工作职责:
1、负责IP 出版物周边衍生品的概念挖掘及整体售卖落地；
2、能根据IP特点和用户需求，提出产品创意企划方案；
3、与设计师、供应链等合作方进行需求沟通，确保产出符合用户需求并推进产品快速迭代；
4、管理相关产品的开发进度，确保成果输出；
5、持续分析产品上线后的用户反馈和数据，不断完善产品的用户体验。","工作要求:
1、本科及以上学历，5年以上IP衍生品、图书出版物产品等工作经验，熟悉出版物周边衍生品的设计制作流程及产品工艺；
2、了解IP衍生品周边的市场动态，善于用户分析和需求跟踪，有相关经验优先；
3、具有良好的审美能力，熟悉ACGN内容生态优先；
4、具备良好的合作态度及团队精神、富有工作激情、创造力和责任感，有团队管理经验优先；
5、熟练使用Al agent能力者优先。",产品运营类
27949,,商业化-品牌策略产品,产品,,上海,,未提及,,2026-04-21 15:15,https://jobs.bilibili.com/social/positions/27949,"工作职责:
1、负责品牌广告流量策略、程序化链路相关产品建设，包含各类典型营销场景，各类资源、产品形态相关策略优化
2、结合业务发展情况，深刻理解品牌客户需求，设计完善的兼顾平台收益，及交付价值的全局调控策略","工作要求:
1、对品牌广告产品有较深的认知与实操经验
2、对品、效广告相关策略，有比较全面深刻的理解和实践
3、能够将广告、策略相关经验适配平台特征落地，不生搬硬套
4、具备良好的业务理解，跨团队协同、沟通、推动能力
5、有很强的目标感、责任心、自驱力
6、有品牌算法相关经验加分",产品运营类
27951,,商业化品牌产品经理-样式方向,产品,,上海,,未提及,,2026-04-21 12:10,https://jobs.bilibili.com/social/positions/27951,"工作职责:
1、负责品牌广告C端产品形态，交互链路相关建设，包含单一产品迭代，以及跨产品组合能力建设
2、对市场上各家先进媒体新产品保持关注，能够结合客户诉求、用户转化本质，持续产出创新提效产品","工作要求:
1、对品牌广告产品有较深的认知与实操经验
2、对C端产品形态，交互链路有比较全面深刻的理解和实践
3、具备敏锐的用户洞察能力，能基于用户转化本质设计产品
4、具备良好的业务理解，跨团队协同、沟通、推动能力
5、有很强的目标感、责任心、自驱力",产品运营类
27869,,产品经理（多屏车机方向）,产品,,上海,,5年以上,,2026-04-15 16:50,https://jobs.bilibili.com/social/positions/27869,"工作职责:
1、负责多屏业务中车机相关产品规划、迭代，优化用户体验，提升用户留存和活跃度
2、根据不同渠道情况，基于合作模式和业务策略，推进产品适配/落地和规模增长
3、、协调内外部资源，确保产品及项目开发保质保量完成","工作要求:
1、本科及以上学历，5年以上互联网产品经验
2、对车载产品和汽车行业有一定了解优先
3、具备较强的逻辑思维与系统分析能力，数据分析能力，可拆解复杂问题
4、自驱力强，具有良好的合作能力和项目管理能力",产品运营类
26217,,B端平台产品经理,产品,,上海,,3年以上,,2026-04-15 16:50,https://jobs.bilibili.com/social/positions/26217,"工作职责:
1.负责公司创作者产品的规划与系统设计，深入理解平台核心用户的全链路诉求与体验痛点，抽象通用能力，构建稳定、高效的产品解决方案。
2.探索前沿技术在业务场景中的应用，主导或参与通过智能化、自动化手段解决复杂问题、提升效率与体验的产品创新项目。
3.独立负责复杂产品模块或项目的全生命周期管理，高效协同研发、算法、业务等多方资源，推动产品高质量落地与闭环。
4.建立并关注产品核心数据指标，通过数据分析、用户反馈与效果评估，持续驱动产品迭代与业务增长。","工作要求:
1.本科及以上学历，具备3年以上互联网B端、平台型或工具类产品经验，拥有出色的逻辑思维、系统设计及项目管理能力。
2.具备深度用户同理心与优秀的业务抽象能力，能精准洞察服务对象需求，并将其转化为清晰、可落地的产品方案。
3.具备良好的技术理解力，能与技术团队高效协作，对运用技术驱动业务价值有敏锐度。
4.自驱力强，对复杂问题有强烈的好奇心与 ownership，能适应快节奏的业务环境。

加分项：
1.有创作者经历，或长期活跃于内容社区，对创作者的真实状态有切身理解。
2.认同并热爱B站文化，熟悉社区内容与创作者文化。
3.具备内容生态、效率工具、商业化或AI应用等相关领域实践经验。",产品运营类
27554,,财务产品经理,产品,,上海,,8年以上,,2026-03-30 11:50,https://jobs.bilibili.com/social/positions/27554,"工作职责:
1. 财务中台建设
●参与集团级应付中台整体架构设计，构建结算、付款、计提、核销等核心模块的能力中心
●参与营收中台整体架构优化，覆盖收入、收款、结算、核算的业财一体化场景
●优化会计引擎功能与能力，推动会计核算的统一管理
2. 主数据治理
●主导财务主数据体系（项目、成本中心等）的标准化建设
●设计主数据全生命周期管理流程，确保数据一致性、准确性、及时性
●建立主数据质量监控与治理机制，为财务数字化奠定坚实数据基础
3.资金平台建设
●参与银行账户全生命周期管理、智能付款路由、多渠道收款对账等核心模块的产品设计
●深入业务场景，设计资金流动性管理、风险管理、投资理财管理等产品
4. 税务数字化建设
●参与计税引擎、发票全链路管理、税局信息自动化报送等税务数字化场景
●推动税务系统与业务、财务系统的深度集成，构建业财税一体化数据流","工作要求:
基本条件
●学历：统招本科及以上学历，财务、会计、计算机、信息管理等相关专业背景
●经验：8年以上财务产品经验，具备从0到1主导复杂财务系统建设的完整经历
专业能力要求
●财务专业深度
○精通财务全流程（核算、结算、税务、报表等），深刻理解企业会计准则及业财融合逻辑
○熟悉主流ERP财务模块（Oracle/SAP/金蝶等）设计理念，有项目实施或产品设计经验者优先
●产品专业能力
○掌握领域驱动设计方法，善于抽象复杂业务逻辑，设计高内聚、低耦合的财务能力中心
○具备大型财务中台架构设计经验，能平衡标准化与灵活性需求
●技术应用能力
○拥有AI在财务场景的落地实践经验，能通过AI Agent构建智能化财务解决方案
○熟悉自动化开发协作模式，能配合研发团队完成高效的产品技术协同
综合素质要求
●结构化思维：善于解构复杂业务问题，抽象标准化规则，输出清晰可落地的产品方案
●跨界协同力：具备出色的跨部门沟通协调能力，能有效推动财务、业务、技术多方达成共识
●自主驱动力：拥有强烈的产品Owner意识，在挑战性环境中保持激情，与团队共同成长突破
●学习进化力：对财务科技前沿保持敏锐洞察，能快速学习并应用新技术、新方法
优先考虑条件
●具备互联网大厂财务中台产品或知名ERP财务系统核心模块建设经验
●有成功落地AI+财务场景的实践案例",产品运营类
27456,,流量策略商业产品经理,产品,,上海,,5年以上,,2026-03-23 19:19,https://jobs.bilibili.com/social/positions/27456,"工作职责:
1、负责B站核心场景流量策略方向，包括但不限于商业库存策略、混排机制、竞价机制、粗精排优化等，从人群/行业/素材/流量场景等多维度，结合AB实验等验证，推动策略升级
2、关注广告体验，提升场景长期变现效率。不仅从端和场景的视角，找到策略增长点，并驱动行业及预算侧、投放端等全链路优化；
3、建立关键指标体系，关注端和场景的核心流量及变现数据情况，完成核心业务数据归因、异动分析等，并基于数据推动策略不断迭代优化
4、协同上下游，帮助场景整体收入目标达成","工作要求:
1、有5年及以上相关商业化广告产品经验，在流量策略有相关成熟经验，对效果广告系统有整体认知，兼具流量&行业产品视角更佳
2、具备敏锐商业洞察力，良好的数据分析能力，目标导向，策略化和逻辑化思维驱动
3、重视团队协作，沟通能力良好，能协同上下游拿结果
4、熟练使用Al agent能力者优先",产品运营类
27323,,商业化-端变现形态链路产品经理,产品,,上海,,未提及,,2026-03-23 13:49,https://jobs.bilibili.com/social/positions/27323,"工作职责:
1.负责B站流量变现工作，追求商业价值和用户体验的共同提升，为场景收入负责；
2.基于用户需求分析，并结合社区特性和AI能力，探索不同场景下适配的样式形态及链路组件，提升转化效率；
3.有客户视角，深入了解预算结构及用户转化链路，构建分端分场景分行业的C端形态&策略，提升客户价值；
4.结合用户转化链路与B站流量特性，在推进广告收入提升的同时，平衡社区和商业利益，保障用户体验。","工作要求:
1.本科及以上学历；
2.结果导向，有较强的ownership，能为项目指标负责；
3.B站深度用户优先，了解B站社区文化，有较高的B站使用频次者优先；
4.在流量变现、C端形态、广告策略、用户增长 等方向上有过相关经验者优先；
5.有团队合作精神和良好的沟通能力，在复杂的跨团队合作中能顺利推进项目发；
6.逻辑框架性强，数据驱动，具备较好的自主数据分析能力；
7.熟练使用Al agent能力者优先。",产品运营类
25515,,商业化-流量变现产品经理（独立端）,产品,,上海,,未提及,,2026-03-23 13:49,https://jobs.bilibili.com/social/positions/25515,"工作职责:
1.负责B站流量变现工作，追求商业价值和用户体验的共同提升，为场景收入负责；
2.基于用户需求分析，并结合社区特性，探索不同场景下的营销解决方案；
3.有客户视角，深入了解预算链路，构建分端分场景分行业的C端形态&策略，提升客户价值；
4.结合用户转化链路与B站流量特性，在推进广告收入提升的同时，平衡社区和商业利益，保障用户体验","工作要求:
1.本科及以上学历；
2.结果导向，有较强的ownership，能为项目指标负责
3.B站深度用户优先，了解B站社区文化
4.有团队合作精神和良好的沟通能力，在复杂的跨团队合作中能顺利推进项目发
5.在流量变现、广告策略、用户增长 等方向上有过相关经验者优先；
6.逻辑框架性强，数据驱动，具备较好的自主数据分析能力；
7.熟练使用Al agent能力者优先。",产品运营类
25550,,交易社区生态产品经理,产品,,上海,,1-3年以上,,2026-03-23 12:25,https://jobs.bilibili.com/social/positions/25550,"工作职责:
1. 负责会员购生态社区的产品规划与设计，搭建垂直品类的创作工具和分发场域，为社区生态的用户活跃度负责
2. 能深入理解各个兴趣品类的运转模式，包含用户的消费心态/场景/决策因素，结合用户/平台/商家等多方视角，推动产品落地及效果验证，逐步覆盖高频用户场景的泛社区行为
3. 与设计师、工程师、运营等团队紧密合作，确保产品按时保质上线","工作要求:
1. 拥有1-3年以上互联网产品经理经验，有社区或工具类相关产品经验者优先
2. 喜欢与用户打交道，有优秀的用户需求嗅觉与用户产品方法论，善于观察事物本质，习惯系统性思考
3. 具有突破、创新精神，执行力强，自我驱动
4. 具备优秀的数据分析能力和逻辑思维，能从数据中发现问题、定位机会，并驱动决策
5. 在主流内容平台拥有个人创作或某个品类深度爱好者优先
6. 熟练使用Al agent能力者优先",产品运营类
21277,,衍生品产品经理,产品,,上海,,3年以上,,2026-03-23 11:44,https://jobs.bilibili.com/social/positions/21277,"工作职责:
1、负责ACGN等IP周边衍生品的概念挖掘及整体售卖落地；
2、能根据IP特点和用户需求，提出产品创意企划方案；
3、与设计师、供应链等合作方进行需求沟通，确保产出符合用户需求并推进产品快速迭代；
4、管理相关产品的开发进度，确保成果输出；
5、持续分析产品上线后的用户反馈和数据，不断完善产用户体验","工作要求:
1、本科及以上学历，3年以上IP衍生品、文创产品、消费品行业工作经验，熟悉周边衍生品的设计制作流程及产品工艺；
2、了解IP衍生品周边的市场动态，善于用户分析和需求跟踪，有相关经验优先；
3、具有良好的审美能力，熟悉ACGN内容生态优先；
4、具备良好的合作态度及团队精神、富有工作激情、创造力和责任感，有团队管理经验优先；
5、熟练使用Al agent能力者优先。",产品运营类
26631,,出海项目产品经理,产品,,上海,,5年以上,,2026-02-28 16:04,https://jobs.bilibili.com/social/positions/26631,"工作职责:
1. 深入理解B站内容生态与海外内容市场，通过数据分析、用户调研等方式，优化海外用户入站产品链路、内容策略、消费与创作体验，对海外用户留存、活跃度及内容消费指标负责。

2. 负责AI翻译能力的建设与迭代，与AI团队深度协作，明确模型优化方向与业务目标，降低海外用户语言壁垒，精准传递UP主创作意图，提升跨语言内容消费体验。

3. 协同各产品团队，理解整体产品架构与技术方案，推动出海项目以高可拓展、高合理性的方案落地，保障产品体验与业务效率。","工作要求:
1. B站资深用户，5年及以上产品经理经验，有海外产品、平台产品相关经验优先。

2. 长期关注海内外互联网内容和社区产品，熟悉海外主流平台产品逻辑与用户习惯。

3. 英语能力熟练，掌握一定的跨语言传递知识和能力。有留学经历优先。

4. 具备优秀的用户洞察、数据分析与方案落地能力，对全球用户与多元文化抱有尊重、热情与好奇心，学习探索能力强。",产品运营类
23796,,商业化-资深AIGC产品经理,产品,,上海,,5年以上,,2026-01-29 19:53,https://jobs.bilibili.com/social/positions/23796,"工作职责:
1. 负责B站商业化广告AIGC素材产品建设，涵盖：扩大广告素材供给、优化素材使用效率；
2. 对各行业的客户营销诉求了解清楚，知道各行业在B站和主流平台的素材使用现状和痛点，通过提升客户投放效率和消耗提升平台消耗；
3. 对业界大模型AIGC能力有认知，探索符合B站要求的应用方向；","工作要求:
1. 5年以上商业化工作经验，具备行业洞察能力；
2. 有数据分析能力；
3. 具备良好的学习能力，强烈的好奇心和自我驱动力。",产品运营类
23383,,商业化-自助投放产品经理Leader,产品,,上海,,8年以上,,2025-07-15 14:38,https://jobs.bilibili.com/social/positions/23383,"工作职责:
通过产品设计、策略优化 与 客户运营，提升UP主/中小广告主的自助投放体验和效果，推动平台商业化收入的增长。
1. 投放策略设计与迭代：深入分析站内UP主与中小客户行为与需求，持续优化投放漏斗各环节转化率；设计自助化、自动化投放策略，提升客户投放效果，提升客户留存和满意度。
2. 自助产品体验优化：优化自助投放全流程的产品设计，简化操作路径，优化客户帮助，提升易用性；构建数据驱动的效果诊断工具，帮助广告主快速定位问题并优化投放；构建产品化的运营平台工具，提升运营对客效率和体验。
3. 跨团队协同与落地：联动算法团队推动策略模型迭代，与运营团队共建广告主培训体系、投放策略，提升客户自助能力","工作要求:
1. 8年以上广告平台投放系统设计经验，主导过策略型产品（出价产品、自动投放产品）从0到1落地。
2. 熟练使用SQL/Python进行数据分析，能独立完成AB测试设计与效果归因；对数据敏感，擅长从海量数据中抽象业务规律
3. 强跨团队推动力，能高效协调算法、运营、销售等多方资源
4. 学习能力强，对广告技术生态有持续追踪
4.具备团队管理经验",产品运营类
